{
   "mets:METS":{
      "$":{
         "xmlns:mets":"http://www.loc.gov/METS/",
         "xmlns:xlink":"http://www.w3.org/TR/xlink/",
         "xmlns:xsi":"http://www.w3.org/2001/XMLSchema-instance",
         "xmlns:dim":"http://www.dspace.org/xmlns/dspace/dim",
         "OBJEDIT":"/admin/item?itemID=63927",
         "OBJID":"/handle/10255/dryad.52564",
         "PROFILE":"DSPACE METS SIP Profile 1.0",
         "LABEL":"DSpace Item",
         "ID":"hdl:10255/dryad.52564"
      },
      "mets:dmdSec":[
         {
            "$":{
               "GROUPID":"group_dmd_0",
               "ID":"dmd_1"
            },
            "mets:mdWrap":[
               {
                  "$":{
                     "MDTYPE":"OTHER",
                     "OTHERMDTYPE":"DIM"
                  },
                  "mets:xmlData":[
                     {
                        "dim:dim":[
                           {
                              "$":{
                                 "dspaceType":"ITEM"
                              },
                              "dim:field":[
                                 {
                                    "_":"Carrea, Cecilia",
                                    "$":{
                                       "element":"contributor",
                                       "qualifier":"author",
                                       "language":"",
                                       "mdschema":"dc"
                                    }
                                 },
                                 {
                                    "_":"Anderson, Leigh V.",
                                    "$":{
                                       "element":"contributor",
                                       "qualifier":"author",
                                       "language":"",
                                       "mdschema":"dc"
                                    }
                                 },
                                 {
                                    "_":"Craw, Dave",
                                    "$":{
                                       "element":"contributor",
                                       "qualifier":"author",
                                       "language":"",
                                       "mdschema":"dc"
                                    }
                                 },
                                 {
                                    "_":"Waters, Jonathan M.",
                                    "$":{
                                       "element":"contributor",
                                       "qualifier":"author",
                                       "language":"",
                                       "mdschema":"dc"
                                    }
                                 },
                                 {
                                    "_":"Burridge, Christopher P.",
                                    "$":{
                                       "element":"contributor",
                                       "qualifier":"author",
                                       "language":"",
                                       "mdschema":"dc"
                                    }
                                 },
                                 {
                                    "_":"The Clutha and adjacent Southland region drainages on the South Island of New Zealand.",
                                    "$":{
                                       "element":"coverage",
                                       "qualifier":"spatial",
                                       "language":"",
                                       "mdschema":"dc"
                                    }
                                 },
                                 {
                                    "_":"Holocene",
                                    "$":{
                                       "element":"coverage",
                                       "qualifier":"temporal",
                                       "language":"",
                                       "mdschema":"dc"
                                    }
                                 },
                                 {
                                    "_":"doi:10.5061/dryad.25kc1/1",
                                    "$":{
                                       "element":"identifier",
                                       "language":"",
                                       "mdschema":"dc"
                                    }
                                 },
                                 {
                                    "_":"Cytochrome b gene alignment  (768-b with) sequenced using primers cyt b-Glu and cyt b-Thr followed Waters & Wallis (2001a). Data corresponds to single haplotypes from 38 samples of ‘Roundhead’ Galaxias individuals from the lower Clutha River tributaries: Puerua and Waiwera, 63 ‘roundhead’ galaxiids were sampled in three catchments of the Catlins region (Owaka, Waikawa and Tokanui), and 45 individuals in two catchments of the Southland Region (Mokoreta and Waimahaka) and 320 ‘roundhead’ galaxiid samples comprising G. gollumoides identified by Burridge et al. (2007) and Waters et al. (2001b) from Southland and the upper Clutha (Nevis and Von rivers), as well as G. anomalus and G. pullus from the mid Clutha (Burridge et al., 2007).",
                                    "$":{
                                       "element":"description",
                                       "language":"",
                                       "mdschema":"dc"
                                    }
                                 },
                                 {
                                    "_":"doi:10.5061/dryad.25kc1",
                                    "$":{
                                       "element":"relation",
                                       "qualifier":"ispartof",
                                       "language":"",
                                       "mdschema":"dc"
                                    }
                                 },
                                 {
                                    "_":"http://creativecommons.org/publicdomain/zero/1.0/",
                                    "$":{
                                       "element":"rights",
                                       "qualifier":"uri",
                                       "language":"",
                                       "mdschema":"dc"
                                    }
                                 },
                                 {
                                    "_":"Dispersal mechanisms",
                                    "$":{
                                       "element":"subject",
                                       "confidence":"NOVALUE",
                                       "language":"",
                                       "mdschema":"dc"
                                    }
                                 },
                                 {
                                    "_":"freshwater biodiversity",
                                    "$":{
                                       "element":"subject",
                                       "confidence":"NOVALUE",
                                       "language":"",
                                       "mdschema":"dc"
                                    }
                                 },
                                 {
                                    "_":"geomorphology",
                                    "$":{
                                       "element":"subject",
                                       "confidence":"NOVALUE",
                                       "language":"",
                                       "mdschema":"dc"
                                    }
                                 },
                                 {
                                    "_":"interdrainage connectivity",
                                    "$":{
                                       "element":"subject",
                                       "confidence":"NOVALUE",
                                       "language":"",
                                       "mdschema":"dc"
                                    }
                                 },
                                 {
                                    "_":"phylogeography.",
                                    "$":{
                                       "element":"subject",
                                       "confidence":"NOVALUE",
                                       "language":"",
                                       "mdschema":"dc"
                                    }
                                 },
                                 {
                                    "_":"SingleHaplotypes_Algn",
                                    "$":{
                                       "element":"title",
                                       "language":"",
                                       "mdschema":"dc"
                                    }
                                 },
                                 {
                                    "_":"Dataset",
                                    "$":{
                                       "element":"type",
                                       "language":"*",
                                       "mdschema":"dc"
                                    }
                                 },
                                 {
                                    "_":"Galaxias  (Pisces: Galaxiidae)",
                                    "$":{
                                       "element":"ScientificName",
                                       "confidence":"NOVALUE",
                                       "language":"",
                                       "mdschema":"dwc"
                                    }
                                 },
                                 {
                                    "_":"untilArticleAppears",
                                    "$":{
                                       "element":"type",
                                       "qualifier":"embargo",
                                       "language":"",
                                       "mdschema":"dc"
                                    }
                                 },
                                 {
                                    "_":"2",
                                    "$":{
                                       "element":"dryad",
                                       "qualifier":"pageviews"
                                    }
                                 },
                                 {
                                    "_":"1",
                                    "$":{
                                       "element":"dryad",
                                       "qualifier":"downloads"
                                    }
                                 }
                              ]
                           }
                        ]
                     }
                  ]
               }
            ]
         }
      ],
      "mets:fileSec":[
         ""
      ],
      "mets:structMap":[
         {
            "$":{
               "LABEL":"DSpace",
               "TYPE":"LOGICAL"
            },
            "mets:div":[
               {
                  "$":{
                     "DMDID":"dmd_1",
                     "TYPE":"DSpace Item"
                  }
               }
            ]
         }
      ]
   }
}